Request Number, Description, Status, Submission Date, Requester Email
1,Light bulb replacement in classroom 101,Open,2024-05-01,jane.doe@mornington.edu
2,AC unit repair in library,Open,2024-05-02,john.smith@mornington.edu
3,Door handle fix in lab 202,Open,2024-05-03,emily.jones@mornington.edu
4,Leak in the gym,Open,2024-05-04,david.brown@mornington.edu
5,Broken window in cafeteria,Open,2024-05-05,sarah.miller@mornington.edu
6,Projector not working in room 303,Closed,2024-04-30,michael.davis@mornington.edu
7,Ceiling tile replacement in auditorium,Closed,2024-04-28,laura.wilson@mornington.edu
8,Painting required in hallway,Closed,2024-04-27,jennifer.taylor@mornington.edu
9,Fixing loose tiles in restroom,Closed,2024-04-26,daniel.martinez@mornington.edu
10,Replenishing supplies in science lab,Closed,2024-04-25,jessica.white@mornington.edu